date,crowd_level,average_wait_min,samples,source,crowd_pct,predicted
2025-11-01,Packed,56,1,queue-times,68.0,0
2025-11-02,Packed,63,1,queue-times,78.0,0
2025-11-03,Moderate,24,1,queue-times,23.0,0
2025-11-04,Light,12,1,queue-times,6.0,0
2025-11-05,Light,10,1,queue-times,3.0,0
2025-11-06,Light,14,1,queue-times,8.0,0
2025-11-07,Light,21,1,queue-times,18.0,0
2025-11-08,Packed,69,1,queue-times,87.0,0
2025-11-09,Busy,40,1,queue-times,46.0,0
2025-11-10,Packed,55,1,queue-times,67.0,0
2025-11-11,Packed,65,1,queue-times,82.0,0
2025-11-12,Light,16,1,queue-times,12.0,0
2025-11-13,Light,12,1,queue-times,5.0,0
2025-11-14,Moderate,22,1,queue-times,20.0,0
2025-11-15,Packed,70,1,queue-times,88.0,0
2025-11-16,Busy,33,1,queue-times,36.0,0
2025-11-17,Light,8,1,queue-times,0.0,0
2025-11-18,Light,12,1,queue-times,5.0,0
2025-11-19,Light,12,1,queue-times,5.0,0
2025-11-20,Light,9,1,queue-times,2.0,0
2025-11-21,Light,15,1,queue-times,10.0,0
2025-11-22,Packed,54,1,queue-times,65.0,0
2025-11-23,Packed,63,1,queue-times,79.0,0
2025-11-24,Packed,70,1,queue-times,88.0,0
2025-11-25,Packed,76,1,queue-times,97.0,0
2025-11-26,Packed,67,1,queue-times,84.0,0
2025-11-27,Packed,52,1,queue-times,63.0,0
2025-11-28,Packed,74,1,queue-times,94.0,0
2025-11-29,Packed,74,1,queue-times,94.0,0
2025-11-30,Busy,42,1,queue-times,49.0,0
2025-12-01,Light,14,1,queue-times,8.0,0
2025-12-02,Light,10,1,queue-times,3.0,0
2025-12-03,Light,11,1,queue-times,4.0,0
2025-12-04,Light,11,1,queue-times,4.0,0
2025-12-05,Packed,56,1,queue-times,68.0,0
2025-12-06,Packed,61,1,queue-times,76.0,0
2025-12-07,Light,15,1,queue-times,10.0,0
2025-12-08,Light,16,1,queue-times,11.0,0
2025-12-09,Light,12,1,queue-times,5.0,0
2025-12-10,Light,8,1,queue-times,0.0,0
2025-12-11,Light,18,1,queue-times,15.0,0
2025-12-12,Moderate,21,1,queue-times,19.0,0
2025-12-13,Packed,70,1,queue-times,89.0,0
2025-12-14,Busy,46,1,queue-times,54.0,0
2025-12-15,Light,16,1,queue-times,11.0,0
2025-12-16,Light,19,1,queue-times,16.0,0
2025-12-17,Light,18,1,queue-times,14.0,0
2025-12-18,Light,19,1,queue-times,16.0,0
2025-12-19,Packed,62,1,queue-times,77.0,0
2025-12-20,Packed,70,1,queue-times,89.0,0
2025-12-21,Packed,71,1,queue-times,90.0,0
2025-12-22,Packed,74,1,queue-times,95.0,0
2025-12-23,Packed,73,1,queue-times,93.0,0
2025-12-24,Moderate,29,1,queue-times,30.0,0
2025-12-25,Packed,62,1,queue-times,77.0,0
2025-12-26,Packed,77,1,queue-times,99.0,0
2025-12-27,Packed,77,1,queue-times,98.0,0
2025-12-28,Packed,77,1,queue-times,98.0,0
2025-12-29,Packed,75,1,queue-times,96.0,0
2025-12-30,Light,8,1,queue-times,0.0,0
2025-12-31,Packed,75,1,queue-times,96.0,0
2026-07-01,Packed,49,1,queue-times,58.0,0
2026-07-02,Moderate,26,1,queue-times,25.0,0
2026-07-03,Packed,57,1,queue-times,70.0,0
2026-07-04,Packed,48,1,queue-times,57.0,0
2026-07-05,Busy,37,1,queue-times,42.0,0
2026-07-06,Moderate,26,1,queue-times,25.0,0
2026-07-07,Moderate,30,1,queue-times,32.0,0
2026-07-08,Moderate,27,1,queue-times,27.0,0
2026-07-09,Busy,43,1,queue-times,50.0,0
2026-07-10,Packed,55,1,queue-times,67.0,0
2026-07-11,Busy,45,1,queue-times,53.0,0
2026-07-12,Busy,44,1,queue-times,51.0,0
2026-07-13,Moderate,27,1,queue-times,27.0,0
2026-07-14,Moderate,32,1,queue-times,35.0,0
2026-07-15,Busy,43,1,queue-times,50.0,0
2026-07-16,Moderate,31,1,queue-times,33.0,0
2026-07-17,Moderate,21,1,queue-times,19.0,0
2026-07-18,Packed,73,1,queue-times,93.0,0
2026-07-19,Moderate,26,1,queue-times,26.0,0
2026-07-20,Moderate,30,1,queue-times,32.0,0
2026-07-21,Packed,67,1,queue-times,84.0,0
2026-07-22,Packed,62,1,queue-times,77.0,0
2026-07-23,Packed,58,1,queue-times,72.0,0
2026-07-24,Packed,68,1,queue-times,85.0,0
2026-07-25,Packed,76,1,queue-times,97.0,0
2026-07-26,Packed,69,1,queue-times,87.0,0
2026-07-27,Busy,44,1,queue-times,52.0,0
2026-07-28,Packed,65,1,queue-times,81.0,0
2026-07-29,Packed,63,1,queue-times,79.0,0
2026-07-30,Moderate,23,1,queue-times,21.0,0
2026-07-31,Packed,73,1,queue-times,93.0,0
2026-08-01,Packed,76,1,queue-times,97.0,0
2026-08-02,Busy,45,1,queue-times,53.0,0
2026-08-03,Moderate,28,1,queue-times,29.0,0
2026-08-04,Packed,48,1,queue-times,57.0,0
2026-08-05,Packed,48,1,queue-times,57.0,0
2026-08-06,Packed,60,1,queue-times,75.0,0
2026-08-07,Busy,42,1,queue-times,49.0,0
2026-08-08,Packed,66,1,queue-times,83.0,0
2026-08-09,Packed,50,1,queue-times,60.0,0
2026-08-10,Moderate,26,1,queue-times,26.0,0
2026-08-11,Busy,33,,queue-times,36.0,1
2026-08-12,Moderate,32,,queue-times,34.0,1
2026-08-13,Moderate,31,,queue-times,33.0,1
2026-08-14,Busy,38,,queue-times,43.0,1
2026-08-15,Packed,64,,queue-times,80.0,1
2026-08-16,Busy,46,,queue-times,55.0,1
2026-08-17,Moderate,27,,queue-times,27.0,1
2026-08-18,Moderate,21,,queue-times,19.0,1
2026-08-19,Light,21,,queue-times,18.0,1
2026-08-20,Light,21,,queue-times,18.0,1
2026-08-21,Moderate,26,,queue-times,26.0,1
2026-08-22,Packed,58,,queue-times,72.0,1
2026-08-23,Busy,35,,queue-times,39.0,1
2026-08-24,Light,20,,queue-times,17.0,1
2026-08-25,Light,16,,queue-times,11.0,1
2026-08-26,Light,15,,queue-times,10.0,1
2026-08-27,Light,16,,queue-times,12.0,1
2026-08-28,Moderate,23,,queue-times,21.0,1
2026-08-29,Packed,56,,queue-times,69.0,1
2026-08-30,Busy,33,,queue-times,36.0,1
2026-08-31,Light,19,,queue-times,16.0,1
2026-09-01,Light,15,,queue-times,10.0,1
2026-09-02,Light,16,,queue-times,11.0,1
2026-09-03,Light,17,,queue-times,13.0,1
2026-09-04,Moderate,24,,queue-times,23.0,1
2026-09-05,Packed,57,,queue-times,70.0,1
2026-09-06,Busy,35,,queue-times,38.0,1
2026-09-07,Busy,44,,queue-times,51.0,1
2026-09-08,Light,16,,queue-times,11.0,1
2026-09-09,Light,16,,queue-times,11.0,1
2026-09-10,Light,17,,queue-times,13.0,1
2026-09-11,Moderate,23,,queue-times,21.0,1
2026-09-12,Packed,56,,queue-times,69.0,1
2026-09-13,Moderate,32,,queue-times,34.0,1
2026-09-14,Light,18,,queue-times,14.0,1
2026-09-15,Light,13,,queue-times,7.0,1
2026-09-16,Light,12,,queue-times,6.0,1
2026-09-17,Light,14,,queue-times,8.0,1
2026-09-18,Light,20,,queue-times,17.0,1
2026-09-19,Packed,53,,queue-times,64.0,1
2026-09-20,Moderate,28,,queue-times,29.0,1
2026-09-21,Light,14,,queue-times,9.0,1
2026-09-22,Light,9,,queue-times,2.0,1
2026-09-23,Light,9,,queue-times,2.0,1
2026-09-24,Light,11,,queue-times,4.0,1
2026-09-25,Light,18,,queue-times,15.0,1
2026-09-26,Packed,52,,queue-times,63.0,1
2026-09-27,Moderate,28,,queue-times,29.0,1
2026-09-28,Light,16,,queue-times,11.0,1
2026-09-29,Light,12,,queue-times,6.0,1
2026-09-30,Light,14,,queue-times,8.0,1
2026-10-01,Light,16,,queue-times,11.0,1
2026-10-02,Moderate,23,,queue-times,22.0,1
2026-10-03,Packed,58,,queue-times,71.0,1
2026-10-04,Busy,37,,queue-times,42.0,1
2026-10-05,Moderate,23,,queue-times,21.0,1
2026-10-06,Light,20,,queue-times,17.0,1
2026-10-07,Moderate,21,,queue-times,19.0,1
2026-10-08,Moderate,24,,queue-times,23.0,1
2026-10-09,Moderate,32,,queue-times,35.0,1
2026-10-10,Packed,63,,queue-times,79.0,1
2026-10-11,Packed,47,,queue-times,56.0,1
2026-10-12,Busy,44,,queue-times,52.0,1
2026-10-13,Moderate,26,,queue-times,26.0,1
2026-10-14,Moderate,26,,queue-times,26.0,1
2026-10-15,Moderate,28,,queue-times,28.0,1
2026-10-16,Busy,36,,queue-times,40.0,1
2026-10-17,Packed,64,,queue-times,80.0,1
2026-10-18,Packed,47,,queue-times,56.0,1
2026-10-19,Moderate,28,,queue-times,29.0,1
2026-10-20,Moderate,23,,queue-times,22.0,1
2026-10-21,Moderate,23,,queue-times,21.0,1
2026-10-22,Moderate,23,,queue-times,22.0,1
2026-10-23,Moderate,29,,queue-times,30.0,1
2026-10-24,Packed,60,,queue-times,75.0,1
2026-10-25,Busy,39,,queue-times,44.0,1
2026-10-26,Moderate,21,,queue-times,19.0,1
2026-10-27,Light,16,,queue-times,12.0,1
2026-10-28,Light,16,,queue-times,12.0,1
2026-10-29,Light,16,,queue-times,12.0,1
2026-10-30,Moderate,23,,queue-times,21.0,1
2026-10-31,Packed,56,,queue-times,68.0,1
2026-11-01,Moderate,32,,queue-times,34.0,1
2026-11-02,Light,18,,queue-times,14.0,1
2026-11-03,Light,14,,queue-times,9.0,1
2026-11-04,Light,14,,queue-times,9.0,1
2026-11-05,Light,16,,queue-times,12.0,1
2026-11-06,Moderate,24,,queue-times,23.0,1
2026-11-07,Packed,58,,queue-times,72.0,1
2026-11-08,Busy,37,,queue-times,42.0,1
2026-11-09,Moderate,23,,queue-times,22.0,1
2026-11-10,Light,21,,queue-times,18.0,1
2026-11-11,Busy,39,,queue-times,44.0,1
2026-11-12,Moderate,25,,queue-times,24.0,1
2026-11-13,Busy,34,,queue-times,37.0,1
2026-11-14,Packed,64,,queue-times,80.0,1
2026-11-15,Packed,50,,queue-times,60.0,1
2026-11-16,Busy,33,,queue-times,36.0,1
2026-11-17,Moderate,30,,queue-times,31.0,1
2026-11-18,Moderate,30,,queue-times,32.0,1
2026-11-19,Moderate,32,,queue-times,35.0,1
2026-11-20,Busy,43,,queue-times,50.0,1
2026-11-21,Packed,67,,queue-times,84.0,1
2026-11-22,Packed,54,,queue-times,66.0,1
2026-11-23,Busy,37,,queue-times,41.0,1
2026-11-24,Moderate,30,,queue-times,32.0,1
2026-11-25,Moderate,30,,queue-times,31.0,1
2026-11-26,Busy,41,,queue-times,47.0,1
2026-11-27,Busy,39,,queue-times,44.0,1
2026-11-28,Packed,65,,queue-times,81.0,1
2026-11-29,Packed,48,,queue-times,57.0,1
2026-11-30,Moderate,28,,queue-times,29.0,1
2026-12-01,Moderate,23,,queue-times,22.0,1
2026-12-02,Moderate,22,,queue-times,20.0,1
2026-12-03,Moderate,23,,queue-times,21.0,1
2026-12-04,Moderate,29,,queue-times,30.0,1
2026-12-05,Packed,60,,queue-times,75.0,1
2026-12-06,Busy,40,,queue-times,46.0,1
2026-12-07,Moderate,23,,queue-times,22.0,1
2026-12-08,Light,20,,queue-times,17.0,1
2026-12-09,Light,21,,queue-times,18.0,1
2026-12-10,Moderate,23,,queue-times,21.0,1
2026-12-11,Moderate,32,,queue-times,34.0,1
2026-12-12,Packed,63,,queue-times,79.0,1
2026-12-13,Packed,49,,queue-times,58.0,1
2026-12-14,Busy,33,,queue-times,36.0,1
2026-12-15,Moderate,31,,queue-times,33.0,1
2026-12-16,Busy,35,,queue-times,39.0,1
2026-12-17,Busy,41,,queue-times,47.0,1
2026-12-18,Packed,53,,queue-times,64.0,1
2026-12-19,Packed,71,,queue-times,90.0,1
2026-12-20,Packed,64,,queue-times,80.0,1
2026-12-21,Packed,57,,queue-times,70.0,1
2026-12-22,Packed,56,,queue-times,68.0,1
2026-12-23,Packed,58,,queue-times,72.0,1
2026-12-24,Packed,61,,queue-times,76.0,1
2026-12-25,Packed,59,,queue-times,73.0,1
2026-12-26,Packed,74,,queue-times,95.0,1
2026-12-27,Packed,71,,queue-times,90.0,1
2026-12-28,Packed,66,,queue-times,83.0,1
2026-12-29,Packed,65,,queue-times,81.0,1
2026-12-30,Packed,65,,queue-times,81.0,1
2026-12-31,Packed,65,,queue-times,82.0,1
